{
    "image": "https://media.licdn.com/dms/image/C5603AQE-tuKM83aVmg/profile-displayphoto-shrink_100_100/0/1627499263426?e=1720051200&v=beta&t=mkcyQT33hCo1YR2JF3lYqlqs-EYW2GUx_HP2dNtiPaA",
    "apprentice": "WILLIAM ALFONSO CORTÉS ROMERO",
    "evidence": "GA8-220501096-AA2-EV02 - APK (DESARROLLAR MÓDULOS MÓVIL SEGÚN REQUERIMIENTOS DEL PROYECTO)",
    "instructor": "CARLOS ANDRES MORA AGUDELO",
    "program": "TECNÓLOGO EN ANÁLISIS Y DESARROLLO DE SOFTWARE",
    "group": "FICHA 2627092 ANTES 2627093",
    "trainingInstitution": "SERVICIO NACIONAL DE APRENDIZAJE-SENA",
    "trainingCenter": "CENTRO DE FORMACIÓN COMERCIO Y TURISMO",
    "region": "REGIONAL-QUINDÍO",
    "year": "2024"
}